<?xml version="1.0" encoding="UTF-8"?>
<configurationDescriptor version="100">
  <logicalFolder name="root" displayName="root" projectFiles="true" kind="ROOT">
    <logicalFolder name="HeaderFiles"
                   displayName="Header Files"
                   projectFiles="true">
      <itemPath>Character.h</itemPath>
      <itemPath>CharacterFactory.h</itemPath>
      <itemPath>Game.h</itemPath>
      <itemPath>LargeCharacter.h</itemPath>
      <itemPath>LargeCharacterFactory.h</itemPath>
      <itemPath>MedCharacter.h</itemPath>
      <itemPath>MedCharacterFactory.h</itemPath>
      <itemPath>SmallCharacter.h</itemPath>
      <itemPath>SmallCharacterFactory.h</itemPath>
    </logicalFolder>
    <logicalFolder name="ResourceFiles"
                   displayName="Resource Files"
                   projectFiles="true">
    </logicalFolder>
    <logicalFolder name="SourceFiles"
                   displayName="Source Files"
                   projectFiles="true">
      <itemPath>Character.cpp</itemPath>
      <itemPath>CharacterFactory.cpp</itemPath>
      <itemPath>Game.cpp</itemPath>
      <itemPath>LargeCharacter.cpp</itemPath>
      <itemPath>LargeCharacterFactory.cpp</itemPath>
      <itemPath>MedCharacter.cpp</itemPath>
      <itemPath>MedCharacterFactory.cpp</itemPath>
      <itemPath>SmallCharacter.cpp</itemPath>
      <itemPath>SmallCharacterFactory.cpp</itemPath>
      <itemPath>main.cpp</itemPath>
    </logicalFolder>
    <logicalFolder name="TestFiles"
                   displayName="Test Files"
                   projectFiles="false"
                   kind="TEST_LOGICAL_FOLDER">
    </logicalFolder>
    <logicalFolder name="ExternalFiles"
                   displayName="Important Files"
                   projectFiles="false"
                   kind="IMPORTANT_FILES_FOLDER">
      <itemPath>Makefile</itemPath>
    </logicalFolder>
  </logicalFolder>
  <projectmakefile>Makefile</projectmakefile>
  <confs>
    <conf name="Debug" type="1">
      <toolsSet>
        <compilerSet>default</compilerSet>
        <dependencyChecking>true</dependencyChecking>
        <rebuildPropChanged>false</rebuildPropChanged>
      </toolsSet>
      <compileType>
        <linkerTool>
          <linkerDynSerch>
            <pElem>.</pElem>
            <pElem>.</pElem>
          </linkerDynSerch>
        </linkerTool>
      </compileType>
      <item path="Character.cpp" ex="false" tool="1" flavor2="0">
      </item>
      <item path="Character.h" ex="false" tool="3" flavor2="0">
      </item>
      <item path="CharacterFactory.cpp" ex="false" tool="1" flavor2="0">
      </item>
      <item path="CharacterFactory.h" ex="false" tool="3" flavor2="0">
      </item>
      <item path="Game.cpp" ex="false" tool="1" flavor2="0">
      </item>
      <item path="Game.h" ex="false" tool="3" flavor2="0">
      </item>
      <item path="LargeCharacter.cpp" ex="false" tool="1" flavor2="0">
      </item>
      <item path="LargeCharacter.h" ex="false" tool="3" flavor2="0">
      </item>
      <item path="LargeCharacterFactory.cpp" ex="false" tool="1" flavor2="0">
      </item>
      <item path="LargeCharacterFactory.h" ex="false" tool="3" flavor2="0">
      </item>
      <item path="MedCharacter.cpp" ex="false" tool="1" flavor2="0">
      </item>
      <item path="MedCharacter.h" ex="false" tool="3" flavor2="0">
      </item>
      <item path="MedCharacterFactory.cpp" ex="false" tool="1" flavor2="0">
      </item>
      <item path="MedCharacterFactory.h" ex="false" tool="3" flavor2="0">
      </item>
      <item path="SmallCharacter.cpp" ex="false" tool="1" flavor2="0">
      </item>
      <item path="SmallCharacter.h" ex="false" tool="3" flavor2="0">
      </item>
      <item path="SmallCharacterFactory.cpp" ex="false" tool="1" flavor2="0">
      </item>
      <item path="SmallCharacterFactory.h" ex="false" tool="3" flavor2="0">
      </item>
      <folder path="TestFiles">
        <linkerTool>
          <linkerDynSerch>
            <pElem>.</pElem>
            <pElem>.</pElem>
          </linkerDynSerch>
        </linkerTool>
      </folder>
      <item path="main.cpp" ex="false" tool="1" flavor2="0">
      </item>
    </conf>
    <conf name="Release" type="1">
      <toolsSet>
        <compilerSet>default</compilerSet>
        <dependencyChecking>true</dependencyChecking>
        <rebuildPropChanged>false</rebuildPropChanged>
      </toolsSet>
      <compileType>
        <cTool>
          <developmentMode>5</developmentMode>
        </cTool>
        <ccTool>
          <developmentMode>5</developmentMode>
        </ccTool>
        <fortranCompilerTool>
          <developmentMode>5</developmentMode>
        </fortranCompilerTool>
        <asmTool>
          <developmentMode>5</developmentMode>
        </asmTool>
        <linkerTool>
          <linkerDynSerch>
            <pElem>.</pElem>
            <pElem>.</pElem>
          </linkerDynSerch>
        </linkerTool>
      </compileType>
      <item path="Character.cpp" ex="false" tool="1" flavor2="0">
      </item>
      <item path="Character.h" ex="false" tool="3" flavor2="0">
      </item>
      <item path="CharacterFactory.cpp" ex="false" tool="1" flavor2="0">
      </item>
      <item path="CharacterFactory.h" ex="false" tool="3" flavor2="0">
      </item>
      <item path="Game.cpp" ex="false" tool="1" flavor2="0">
      </item>
      <item path="Game.h" ex="false" tool="3" flavor2="0">
      </item>
      <item path="LargeCharacter.cpp" ex="false" tool="1" flavor2="0">
      </item>
      <item path="LargeCharacter.h" ex="false" tool="3" flavor2="0">
      </item>
      <item path="LargeCharacterFactory.cpp" ex="false" tool="1" flavor2="0">
      </item>
      <item path="LargeCharacterFactory.h" ex="false" tool="3" flavor2="0">
      </item>
      <item path="MedCharacter.cpp" ex="false" tool="1" flavor2="0">
      </item>
      <item path="MedCharacter.h" ex="false" tool="3" flavor2="0">
      </item>
      <item path="MedCharacterFactory.cpp" ex="false" tool="1" flavor2="0">
      </item>
      <item path="MedCharacterFactory.h" ex="false" tool="3" flavor2="0">
      </item>
      <item path="SmallCharacter.cpp" ex="false" tool="1" flavor2="0">
      </item>
      <item path="SmallCharacter.h" ex="false" tool="3" flavor2="0">
      </item>
      <item path="SmallCharacterFactory.cpp" ex="false" tool="1" flavor2="0">
      </item>
      <item path="SmallCharacterFactory.h" ex="false" tool="3" flavor2="0">
      </item>
      <folder path="TestFiles">
        <linkerTool>
          <linkerDynSerch>
            <pElem>.</pElem>
            <pElem>.</pElem>
          </linkerDynSerch>
        </linkerTool>
      </folder>
      <item path="main.cpp" ex="false" tool="1" flavor2="0">
      </item>
    </conf>
  </confs>
</configurationDescriptor>
