<?xml version="1.0" encoding="UTF-8"?>
<project-private xmlns="http://www.netbeans.org/ns/project-private/1">
    <data xmlns="http://www.netbeans.org/ns/make-project-private/1">
        <activeConfTypeElem>1</activeConfTypeElem>
        <activeConfIndexElem>0</activeConfIndexElem>
    </data>
    <editor-bookmarks xmlns="http://www.netbeans.org/ns/editor-bookmarks/2" lastBookmarkId="0"/>
    <open-files xmlns="http://www.netbeans.org/ns/projectui-open-files/2">
        <group>
            <file>file:/C:/Users/Walter/Desktop/SS19/CSE%20335%20Project/Project1/Character.h</file>
            <file>file:/C:/Users/Walter/Desktop/SS19/CSE%20335%20Project/Project1/MedCharacter.h</file>
            <file>file:/C:/Users/Walter/Desktop/SS19/CSE%20335%20Project/Project1/BigCharacter.h</file>
            <file>file:/C:/Users/Walter/Desktop/SS19/CSE%20335%20Project/Project1/Game.h</file>
            <file>file:/C:/Users/Walter/Desktop/SS19/CSE%20335%20Project/Project1/main.cpp</file>
            <file>file:/C:/Users/Walter/Desktop/SS19/CSE%20335%20Project/Project1/SmallCharacter.h</file>
        </group>
    </open-files>
</project-private>
